Objective1_(1-Accuracy),Objective2_(TotalTokens)
1.000000000000000000e+00,5.200000000000000000e+01
1.000000000000000000e+00,6.433333333333332860e+01
1.000000000000000000e+00,6.566666666666667140e+01
1.000000000000000000e+00,6.566666666666667140e+01
1.000000000000000000e+00,6.566666666666667140e+01
