Objective1_(1-Accuracy),Objective2_(TotalTokens)
1.000000000000000000e+00,5.150000000000000000e+01
